{
    "U": [
        42.0,
        18.166666666666668,
        172.88888888888889
    ],
    "R": [
        178.44444444444446,
        255.0,
        146.22222222222223
    ],
    "F": [
        67.05555555555556,
        251.66666666666666,
        130.88888888888889
    ],
    "D": [
        33.666666666666664,
        209.16666666666666,
        161.38888888888889
    ],
    "L": [
        6.444444444444445,
        252.66666666666666,
        198.94444444444446
    ],
    "B": [
        102.33333333333333,
        251.83333333333334,
        134.11111111111111
    ]
}